https://www.tripadvisor.ru/Attraction_Review-g298490-d6396341-Reviews-Amur_River_Embankment-Blagoveshchensk_Amur_Oblast_Far_Eastern_District.html,Достопримечательности и культурные объекты
https://www.tripadvisor.ru/Attraction_Review-g298490-d8514477-Reviews-Triumphal_Arch-Blagoveshchensk_Amur_Oblast_Far_Eastern_District.html,Достопримечательности и культурные объекты
https://www.tripadvisor.ru/Attraction_Review-g298490-d6491798-Reviews-Cathedral_of_the_Annunciation-Blagoveshchensk_Amur_Oblast_Far_Eastern_District.html,Достопримечательности и культурные объекты
https://www.tripadvisor.ru/Attraction_Review-g298490-d8517667-Reviews-Monument_to_Border_Guard_With_a_Dog-Blagoveshchensk_Amur_Oblast_Far_Eastern_Distr.html,Достопримечательности и культурные объекты
https://www.tripadvisor.ru/Attraction_Review-g298490-d9743754-Reviews-Monument_Dog_Named_Druzhok-Blagoveshchensk_Amur_Oblast_Far_Eastern_District.html,Достопримечательности и культурные объекты
https://www.tripadvisor.ru/Attraction_Review-g2538275-d9859232-Reviews-Monument_Mass_Grave_312-Belogorsk_Amur_Oblast_Far_Eastern_District.html,Достопримечательности и культурные объекты
https://www.tripadvisor.ru/Attraction_Review-g298490-d9594435-Reviews-Monument_to_Cossack_First_Settlers-Blagoveshchensk_Amur_Oblast_Far_Eastern_Distri.html,Достопримечательности и культурные объекты
https://www.tripadvisor.ru/Attraction_Review-g298490-d9570590-Reviews-The_Sculptural_Composition_Unflappable_Cat-Blagoveshchensk_Amur_Oblast_Far_Easter.html,Достопримечательности и культурные объекты
https://www.tripadvisor.ru/Attraction_Review-g298490-d9732912-Reviews-Monument_Snow_Maiden_the_Saleswoman_Ice_Cream-Blagoveshchensk_Amur_Oblast_Far_Eas.html,Достопримечательности и культурные объекты
https://www.tripadvisor.ru/Attraction_Review-g298490-d7785289-Reviews-Victory_Square-Blagoveshchensk_Amur_Oblast_Far_Eastern_District.html,Достопримечательности и культурные объекты
https://www.tripadvisor.ru/Attraction_Review-g2538275-d8129492-Reviews-Monument_to_Polite_People-Belogorsk_Amur_Oblast_Far_Eastern_District.html,Достопримечательности и культурные объекты
https://www.tripadvisor.ru/Attraction_Review-g298490-d8422650-Reviews-Monument_to_Suitcase_Trader-Blagoveshchensk_Amur_Oblast_Far_Eastern_District.html,Достопримечательности и культурные объекты
https://www.tripadvisor.ru/Attraction_Review-g298490-d9733033-Reviews-Sculpture_Iron_Bull-Blagoveshchensk_Amur_Oblast_Far_Eastern_District.html,Достопримечательности и культурные объекты
https://www.tripadvisor.ru/Attraction_Review-g2538275-d8337929-Reviews-Monument_Amur_Sleeper-Belogorsk_Amur_Oblast_Far_Eastern_District.html,Достопримечательности и культурные объекты
https://www.tripadvisor.ru/Attraction_Review-g7019458-d7008817-Reviews-The_Church_of_St_Alexander_Nevskiy-Ignatyevo_Blagoveshchensky_District_Amur_Obla.html,Достопримечательности и культурные объекты
https://www.tripadvisor.ru/Attraction_Review-g298490-d6492945-Reviews-Havre_Archangel_Monastery-Blagoveshchensk_Amur_Oblast_Far_Eastern_District.html,Достопримечательности и культурные объекты
https://www.tripadvisor.ru/Attraction_Review-g298490-d8514050-Reviews-Monument_to_Peter_and_Fevronia-Blagoveshchensk_Amur_Oblast_Far_Eastern_District.html,Достопримечательности и культурные объекты
https://www.tripadvisor.ru/Attraction_Review-g2389191-d15514159-Reviews-Kafedralny_Sobor_Troitsy_Zhivonachalnoy-Tynda_Amur_Oblast_Far_Eastern_District.html,Достопримечательности и культурные объекты
https://www.tripadvisor.ru/Attraction_Review-g298490-d6490540-Reviews-Exhibition_Hall_of_the_Amur_Union_of_Artists-Blagoveshchensk_Amur_Oblast_Far_East.html,Достопримечательности и культурные объекты
https://www.tripadvisor.ru/Attraction_Review-g298490-d8515430-Reviews-River_Gun_Boat_From_The_Great_Patriotic_War_Times-Blagoveshchensk_Amur_Oblast_Far.html,Достопримечательности и культурные объекты
https://www.tripadvisor.ru/Attraction_Review-g298490-d13199750-Reviews-Monument_to_N_N_Muravyov_Amurskiy-Blagoveshchensk_Amur_Oblast_Far_Eastern_Distri.html,Достопримечательности и культурные объекты
https://www.tripadvisor.ru/Attraction_Review-g298490-d8043838-Reviews-Yunost-Blagoveshchensk_Amur_Oblast_Far_Eastern_District.html,Достопримечательности и культурные объекты
https://www.tripadvisor.ru/Attraction_Review-g298490-d9564123-Reviews-Stele_of_Shipbuilding_Plant-Blagoveshchensk_Amur_Oblast_Far_Eastern_District.html,Достопримечательности и культурные объекты
https://www.tripadvisor.ru/Attraction_Review-g298490-d8532123-Reviews-Monument_in_Honor_of_Amur_Oblast_Rewarding_With_the_Order_of_Lenin-Blagoveshchens.html,Достопримечательности и культурные объекты
https://www.tripadvisor.ru/Attraction_Review-g298490-d13201883-Reviews-St_Nicholas_Church-Blagoveshchensk_Amur_Oblast_Far_Eastern_District.html,Достопримечательности и культурные объекты
https://www.tripadvisor.ru/Attraction_Review-g298490-d8043837-Reviews-Spartak-Blagoveshchensk_Amur_Oblast_Far_Eastern_District.html,Достопримечательности и культурные объекты
https://www.tripadvisor.ru/Attraction_Review-g298490-d9564082-Reviews-Monument_to_the_Shipbuilders_Who_Died_During_the_Great_Patriotic_War_of_1941_1945.html,Достопримечательности и культурные объекты
https://www.tripadvisor.ru/Attraction_Review-g298490-d9743761-Reviews-Lenin_Monument-Blagoveshchensk_Amur_Oblast_Far_Eastern_District.html,Достопримечательности и культурные объекты
https://www.tripadvisor.ru/Attraction_Review-g2389191-d19503146-Reviews-Stone_from_the_First_km_of_the_Big_BAM-Tynda_Amur_Oblast_Far_Eastern_District.html,Достопримечательности и культурные объекты
https://www.tripadvisor.ru/Attraction_Review-g2538275-d17840289-Reviews-Telega_Pereselentsev-Belogorsk_Amur_Oblast_Far_Eastern_District.html,Достопримечательности и культурные объекты
https://www.tripadvisor.ru/Attraction_Review-g298490-d25089265-Reviews-Train_Station-Blagoveshchensk_Amur_Oblast_Far_Eastern_District.html,Достопримечательности и культурные объекты
https://www.tripadvisor.ru/Attraction_Review-g13155987-d23994211-Reviews-Cosmodrome_Vostochny-Tsiolkovsky_Amur_Oblast_Far_Eastern_District.html,Достопримечательности и культурные объекты
https://www.tripadvisor.ru/Attraction_Review-g298490-d18915677-Reviews-ARMADA_lasertag-Blagoveshchensk_Amur_Oblast_Far_Eastern_District.html,Развлечения и игры
https://www.tripadvisor.ru/Attraction_Review-g298490-d12570258-Reviews-Igrametria-Blagoveshchensk_Amur_Oblast_Far_Eastern_District.html,Развлечения и игры
https://www.tripadvisor.ru/Attraction_Review-g298490-d8043862-Reviews-Blagoveshhensk-Blagoveshchensk_Amur_Oblast_Far_Eastern_District.html,Развлечения и игры
https://www.tripadvisor.ru/Attraction_Review-g2538275-d9814535-Reviews-MAU_Stadium_Amurselmash-Belogorsk_Amur_Oblast_Far_Eastern_District.html,Развлечения и игры
https://www.tripadvisor.ru/Attraction_Review-g298490-d8043839-Reviews-Mir_Kino-Blagoveshchensk_Amur_Oblast_Far_Eastern_District.html,Развлечения и игры
https://www.tripadvisor.ru/Attraction_Review-g298490-d8043833-Reviews-Bowling_Centre-Blagoveshchensk_Amur_Oblast_Far_Eastern_District.html,Развлечения и игры
https://www.tripadvisor.ru/Attraction_Review-g298490-d8404274-Reviews-QuestQuest-Blagoveshchensk_Amur_Oblast_Far_Eastern_District.html,Развлечения и игры
https://www.tripadvisor.ru/Attraction_Review-g298490-d11868202-Reviews-Na_Grani-Blagoveshchensk_Amur_Oblast_Far_Eastern_District.html,Развлечения и игры
https://www.tripadvisor.ru/Attraction_Review-g298490-d8043835-Reviews-Mir_Kino-Blagoveshchensk_Amur_Oblast_Far_Eastern_District.html,Развлечения и игры
https://www.tripadvisor.ru/Attraction_Review-g298490-d8043831-Reviews-Cinema_Premyer-Blagoveshchensk_Amur_Oblast_Far_Eastern_District.html,Развлечения и игры
https://www.tripadvisor.ru/Attraction_Review-g298490-d8043832-Reviews-Mir_Kino-Blagoveshchensk_Amur_Oblast_Far_Eastern_District.html,Развлечения и игры
https://www.tripadvisor.ru/Attraction_Review-g298490-d8043842-Reviews-Mir_Kino-Blagoveshchensk_Amur_Oblast_Far_Eastern_District.html,Развлечения и игры
https://www.tripadvisor.ru/Attraction_Review-g298490-d8043830-Reviews-Amerikana-Blagoveshchensk_Amur_Oblast_Far_Eastern_District.html,Развлечения и игры
https://www.tripadvisor.ru/Attraction_Review-g298490-d8043836-Reviews-Mir_Kino-Blagoveshchensk_Amur_Oblast_Far_Eastern_District.html,Развлечения и игры
https://www.tripadvisor.ru/Attraction_Review-g298490-d8043834-Reviews-Mir_Kino-Blagoveshchensk_Amur_Oblast_Far_Eastern_District.html,Развлечения и игры
https://www.tripadvisor.ru/Attraction_Review-g2538275-d8337932-Reviews-Cinema_Russia-Belogorsk_Amur_Oblast_Far_Eastern_District.html,Развлечения и игры
https://www.tripadvisor.ru/Attraction_Review-g298490-d15235479-Reviews-Escape_Quest-Blagoveshchensk_Amur_Oblast_Far_Eastern_District.html,Развлечения и игры
https://www.tripadvisor.ru/Attraction_Review-g298490-d21511651-Reviews-Warpoint_Arena-Blagoveshchensk_Amur_Oblast_Far_Eastern_District.html,Развлечения и игры
https://www.tripadvisor.ru/Attraction_Review-g298490-d24080488-Reviews-Portal_VR-Blagoveshchensk_Amur_Oblast_Far_Eastern_District.html,Развлечения и игры
https://www.tripadvisor.ru/Attraction_Review-g298490-d24080505-Reviews-Portal_VR-Blagoveshchensk_Amur_Oblast_Far_Eastern_District.html,Развлечения и игры
https://www.tripadvisor.ru/Attraction_Review-g298490-d2589874-Reviews-Amur_Regional_Local_Lore_Museum_of_Novikov_Daurskiy-Blagoveshchensk_Amur_Oblast_F.html,Музеи
https://www.tripadvisor.ru/Attraction_Review-g2538276-d2622018-Reviews-Svobodnensky_Local_History_Museum_named_after_N_I_Popova-Svobodny_Amur_Oblast_Fa.html,Музеи
https://www.tripadvisor.ru/Attraction_Review-g2538275-d2622017-Reviews-Museum_of_Local_Lore-Belogorsk_Amur_Oblast_Far_Eastern_District.html,Музеи
https://www.tripadvisor.ru/Attraction_Review-g2389191-d2617774-Reviews-Museum_of_the_History_of_the_Baikal_Amur_Mainline-Tynda_Amur_Oblast_Far_Eastern_.html,Музеи
https://www.tripadvisor.ru/Attraction_Review-g2373825-d2617286-Reviews-Museum_of_the_History_of_Construction_of_Zeya_Hydroelectric_Station-Zeya_Amur_Ob.html,Музеи
https://www.tripadvisor.ru/Attraction_Review-g298490-d6491119-Reviews-Paleontologic_Museum-Blagoveshchensk_Amur_Oblast_Far_Eastern_District.html,Музеи
https://www.tripadvisor.ru/Attraction_Review-g2538277-d2622019-Reviews-Museum_of_Local_Lore-Shimanovsk_Amur_Oblast_Far_Eastern_District.html,Музеи
https://www.tripadvisor.ru/Attraction_Review-g2538273-d2624036-Reviews-Seryshevo_Museum_of_Local_Lore-Seryshevo_Seryshevsky_District_Amur_Oblast_Far_Ea.html,Музеи
https://www.tripadvisor.ru/Attraction_Review-g298490-d6502683-Reviews-Satori_Museum_of_Japanese_Culture-Blagoveshchensk_Amur_Oblast_Far_Eastern_Distric.html,Музеи
https://www.tripadvisor.ru/Attraction_Review-g298490-d6962154-Reviews-Museum_of_Civil_Aviation_of_The_Amur_Region-Blagoveshchensk_Amur_Oblast_Far_Easte.html,Музеи
https://www.tripadvisor.ru/Attraction_Review-g2538272-d2624028-Reviews-Romny_Museum_of_History_and_Local_Lore-Romny_Romnensky_District_Amur_Oblast_Far_.html,Музеи
https://www.tripadvisor.ru/Attraction_Review-g298490-d23701115-Reviews-Kalachnaya_Museum-Blagoveshchensk_Amur_Oblast_Far_Eastern_District.html,Музеи
https://www.tripadvisor.ru/Attraction_Review-g298490-d24841433-Reviews-Museum_Workshop_of_the_People_s_Artist_of_Russia_A_Tikhomirov-Blagoveshchensk_Am.html,Музеи
https://www.tripadvisor.ru/Attraction_Review-g2538275-d11747963-Reviews-City_Park_of_Culture_and_Leisure-Belogorsk_Amur_Oblast_Far_Eastern_District.html,Природа и парки
https://www.tripadvisor.ru/Attraction_Review-g298490-d6502598-Reviews-Pervomaiskiy_Park_of_Culture_and_Leisure-Blagoveshchensk_Amur_Oblast_Far_Eastern_.html,Природа и парки
https://www.tripadvisor.ru/Attraction_Review-g298490-d6502186-Reviews-City_Park_of_Culture_and_Leisure-Blagoveshchensk_Amur_Oblast_Far_Eastern_District.html,Природа и парки
https://www.tripadvisor.ru/Attraction_Review-g12398153-d10941576-Reviews-Bureya_Reservoir-Talakan_Bureiskiy_District_Amur_Oblast_Far_Eastern_District.html,Природа и парки
https://www.tripadvisor.ru/Attraction_Review-g298490-d8067213-Reviews-Allure-Blagoveshchensk_Amur_Oblast_Far_Eastern_District.html,Природа и парки
https://www.tripadvisor.ru/Attraction_Review-g2538280-d12182017-Reviews-Arginskiye_Mines-Seryshevsky_District_Amur_Oblast_Far_Eastern_District.html,Природа и парки
https://www.tripadvisor.ru/Attraction_Review-g298490-d17839693-Reviews-Dendrarium-Blagoveshchensk_Amur_Oblast_Far_Eastern_District.html,Природа и парки
https://www.tripadvisor.ru/Attraction_Review-g298490-d25089262-Reviews-Friendship_Park-Blagoveshchensk_Amur_Oblast_Far_Eastern_District.html,Природа и парки
https://www.tripadvisor.ru/Attraction_Review-g298490-d4931617-Reviews-Koloradskiy_Papa_Night_Club-Blagoveshchensk_Amur_Oblast_Far_Eastern_District.html,Ночная жизнь
https://www.tripadvisor.ru/Attraction_Review-g298490-d23436158-Reviews-Soprano_Karaoke_RestoBar-Blagoveshchensk_Amur_Oblast_Far_Eastern_District.html,Ночная жизнь
https://www.tripadvisor.ru/Attraction_Review-g298490-d2639723-Reviews-Galactica_Club-Blagoveshchensk_Amur_Oblast_Far_Eastern_District.html,Ночная жизнь
https://www.tripadvisor.ru/Attraction_Review-g298490-d4931494-Reviews-C2_Night_Club-Blagoveshchensk_Amur_Oblast_Far_Eastern_District.html,Ночная жизнь
https://www.tripadvisor.ru/Attraction_Review-g298490-d19238498-Reviews-Blagoveshchensk_Amur_Oblast_Far_Eastern_District.html,Ночная жизнь
https://www.tripadvisor.ru/Attraction_Review-g298490-d8067214-Reviews-Blagscuba-Blagoveshchensk_Amur_Oblast_Far_Eastern_District.html,Туры
https://www.tripadvisor.ru/Attraction_Review-g298490-d8070466-Reviews-Polyot-Blagoveshchensk_Amur_Oblast_Far_Eastern_District.html,Туры
https://www.tripadvisor.ru/Attraction_Review-g298490-d15582267-Reviews-JuniorExtreme-Blagoveshchensk_Amur_Oblast_Far_Eastern_District.html,Туры
https://www.tripadvisor.ru/Attraction_Review-g298490-d23427827-Reviews-Bannyy_Klub_Usad_ba-Blagoveshchensk_Amur_Oblast_Far_Eastern_District.html,Спа и оздоровление
https://www.tripadvisor.ru/Attraction_Review-g2538276-d7062597-Reviews-Sazankovskiy_Landslide-Svobodny_Amur_Oblast_Far_Eastern_District.html,Активный отдых на открытом воздухе
https://www.tripadvisor.ru/Attraction_Review-g298490-d6502044-Reviews-Amur_Regional_Drama_Theatre-Blagoveshchensk_Amur_Oblast_Far_Eastern_District.html,Концерты и представления
https://www.tripadvisor.ru/Attraction_Review-g298490-d2590192-Reviews-Amurchonok_Regional_Puppet_Theater-Blagoveshchensk_Amur_Oblast_Far_Eastern_Distri.html,Концерты и представления
https://www.tripadvisor.ru/Attraction_Review-g298490-d2589869-Reviews-Amur_State_Regional_Drama_and_Comedy_Theater-Blagoveshchensk_Amur_Oblast_Far_East.html,Концерты и представления
https://www.tripadvisor.ru/Attraction_Review-g298490-d9586430-Reviews-Public_Cultural_Center-Blagoveshchensk_Amur_Oblast_Far_Eastern_District.html,Концерты и представления
https://www.tripadvisor.ru/Attraction_Review-g298490-d6502041-Reviews-Amur_Regional_Philharmonic_Society-Blagoveshchensk_Amur_Oblast_Far_Eastern_Distri.html,Концерты и представления
https://www.tripadvisor.ru/Attraction_Review-g298490-d11977939-Reviews-SM_Ostrova-Blagoveshchensk_Amur_Oblast_Far_Eastern_District.html,Покупки
https://www.tripadvisor.ru/Attraction_Review-g2538275-d8310124-Reviews-Mall_Moskva-Belogorsk_Amur_Oblast_Far_Eastern_District.html,Покупки
https://www.tripadvisor.ru/Attraction_Review-g298490-d23399451-Reviews-Churina_Gastronom-Blagoveshchensk_Amur_Oblast_Far_Eastern_District.html,Покупки
https://www.tripadvisor.ru/Attraction_Review-g2538275-d13398252-Reviews-Limon_Mall-Belogorsk_Amur_Oblast_Far_Eastern_District.html,Покупки
