https://www.tripadvisor.ru/Restaurant_Review-g298490-d6186500-Reviews-Ani-Blagoveshchensk_Amur_Oblast_Far_Eastern_District.html,Рестораны
https://www.tripadvisor.ru/Restaurant_Review-g298490-d7647135-Reviews-Pilsner_Czech_Brasserie-Blagoveshchensk_Amur_Oblast_Far_Eastern_District.html,Рестораны
https://www.tripadvisor.ru/Restaurant_Review-g298490-d12595342-Reviews-Ivolga-Blagoveshchensk_Amur_Oblast_Far_Eastern_District.html,Рестораны
https://www.tripadvisor.ru/Restaurant_Review-g298490-d6186542-Reviews-Kit_Chen-Blagoveshchensk_Amur_Oblast_Far_Eastern_District.html,Рестораны
https://www.tripadvisor.ru/Restaurant_Review-g298490-d23287707-Reviews-Sushi_Master-Blagoveshchensk_Amur_Oblast_Far_Eastern_District.html,Рестораны
https://www.tripadvisor.ru/Restaurant_Review-g298490-d23638108-Reviews-Tri_Aziata-Blagoveshchensk_Amur_Oblast_Far_Eastern_District.html,Рестораны
https://www.tripadvisor.ru/Restaurant_Review-g298490-d13153166-Reviews-Romano-Blagoveshchensk_Amur_Oblast_Far_Eastern_District.html,Рестораны
https://www.tripadvisor.ru/Restaurant_Review-g298490-d6387349-Reviews-U_Shveyka-Blagoveshchensk_Amur_Oblast_Far_Eastern_District.html,Рестораны
https://www.tripadvisor.ru/Restaurant_Review-g298490-d5026455-Reviews-Piplz-Blagoveshchensk_Amur_Oblast_Far_Eastern_District.html,Рестораны
https://www.tripadvisor.ru/Restaurant_Review-g298490-d6186565-Reviews-Panda-Blagoveshchensk_Amur_Oblast_Far_Eastern_District.html,Рестораны
https://www.tripadvisor.ru/Restaurant_Review-g298490-d4224646-Reviews-Armenia-Blagoveshchensk_Amur_Oblast_Far_Eastern_District.html,Рестораны
https://www.tripadvisor.ru/Restaurant_Review-g298490-d19719184-Reviews-Ustritsa_pod_Syrom-Blagoveshchensk_Amur_Oblast_Far_Eastern_District.html,Рестораны
https://www.tripadvisor.ru/Restaurant_Review-g298490-d7625090-Reviews-Harat_s_Irish_Pub-Blagoveshchensk_Amur_Oblast_Far_Eastern_District.html,Рестораны
https://www.tripadvisor.ru/Restaurant_Review-g298490-d6485991-Reviews-Korona-Blagoveshchensk_Amur_Oblast_Far_Eastern_District.html,Рестораны
https://www.tripadvisor.ru/Restaurant_Review-g298490-d7348294-Reviews-Steak_House-Blagoveshchensk_Amur_Oblast_Far_Eastern_District.html,Рестораны
https://www.tripadvisor.ru/Restaurant_Review-g298490-d6186591-Reviews-Prezident-Blagoveshchensk_Amur_Oblast_Far_Eastern_District.html,Рестораны
https://www.tripadvisor.ru/Restaurant_Review-g298490-d6186506-Reviews-Birmania-Blagoveshchensk_Amur_Oblast_Far_Eastern_District.html,Рестораны
https://www.tripadvisor.ru/Restaurant_Review-g298490-d6845048-Reviews-Cafe_Imbir-Blagoveshchensk_Amur_Oblast_Far_Eastern_District.html,Рестораны
https://www.tripadvisor.ru/Restaurant_Review-g298490-d10064495-Reviews-Cafe_GLORIA-Blagoveshchensk_Amur_Oblast_Far_Eastern_District.html,Рестораны
https://www.tripadvisor.ru/Restaurant_Review-g298490-d6223096-Reviews-Stary_Baku-Blagoveshchensk_Amur_Oblast_Far_Eastern_District.html,Рестораны
https://www.tripadvisor.ru/Restaurant_Review-g298490-d6186624-Reviews-Tri_Tolstyaka-Blagoveshchensk_Amur_Oblast_Far_Eastern_District.html,Рестораны
https://www.tripadvisor.ru/Restaurant_Review-g298490-d8351404-Reviews-Yaposha_San-Blagoveshchensk_Amur_Oblast_Far_Eastern_District.html,Рестораны
https://www.tripadvisor.ru/Restaurant_Review-g298490-d6186576-Reviews-Pelmennaya_Sosisochnaya-Blagoveshchensk_Amur_Oblast_Far_Eastern_District.html,Рестораны
https://www.tripadvisor.ru/Restaurant_Review-g298490-d6186496-Reviews-Royal_Burger-Blagoveshchensk_Amur_Oblast_Far_Eastern_District.html,Рестораны
https://www.tripadvisor.ru/Restaurant_Review-g298490-d6186571-Reviews-Mandarin-Blagoveshchensk_Amur_Oblast_Far_Eastern_District.html,Рестораны
https://www.tripadvisor.ru/Restaurant_Review-g298490-d6186514-Reviews-Vkus_Italii-Blagoveshchensk_Amur_Oblast_Far_Eastern_District.html,Рестораны
https://www.tripadvisor.ru/Restaurant_Review-g298490-d15111136-Reviews-Kotleta_Burger_Bar-Blagoveshchensk_Amur_Oblast_Far_Eastern_District.html,Рестораны
https://www.tripadvisor.ru/Restaurant_Review-g298490-d6186563-Reviews-Noyev_Kovcheg-Blagoveshchensk_Amur_Oblast_Far_Eastern_District.html,Рестораны
https://www.tripadvisor.ru/Restaurant_Review-g298490-d6743171-Reviews-Daddy_s_Pub-Blagoveshchensk_Amur_Oblast_Far_Eastern_District.html,Рестораны
https://www.tripadvisor.ru/Restaurant_Review-g298490-d10001137-Reviews-Mimino-Blagoveshchensk_Amur_Oblast_Far_Eastern_District.html,Рестораны
https://www.tripadvisor.ru/Restaurant_Review-g298490-d6186479-Reviews-Asahi-Blagoveshchensk_Amur_Oblast_Far_Eastern_District.html,Рестораны
https://www.tripadvisor.ru/Restaurant_Review-g298490-d6186491-Reviews-Mr_Dzheki-Blagoveshchensk_Amur_Oblast_Far_Eastern_District.html,Рестораны
https://www.tripadvisor.ru/Restaurant_Review-g298490-d8351043-Reviews-Vabi_Sabi-Blagoveshchensk_Amur_Oblast_Far_Eastern_District.html,Рестораны
https://www.tripadvisor.ru/Restaurant_Review-g298490-d6186639-Reviews-Shokoladnitsa-Blagoveshchensk_Amur_Oblast_Far_Eastern_District.html,Рестораны
https://www.tripadvisor.ru/Restaurant_Review-g298490-d6186603-Reviews-Cinnabon-Blagoveshchensk_Amur_Oblast_Far_Eastern_District.html,Рестораны
https://www.tripadvisor.ru/Restaurant_Review-g298490-d6185047-Reviews-Canteen_No_1_Kopeika-Blagoveshchensk_Amur_Oblast_Far_Eastern_District.html,Рестораны
https://www.tripadvisor.ru/Restaurant_Review-g298490-d6186634-Reviews-Uzbekskaya_Kukhnya-Blagoveshchensk_Amur_Oblast_Far_Eastern_District.html,Рестораны
https://www.tripadvisor.ru/Restaurant_Review-g298490-d8674725-Reviews-Prilichnaya_Stolovaya-Blagoveshchensk_Amur_Oblast_Far_Eastern_District.html,Рестораны
https://www.tripadvisor.ru/Restaurant_Review-g298490-d6186546-Reviews-Kalif-Blagoveshchensk_Amur_Oblast_Far_Eastern_District.html,Рестораны
https://www.tripadvisor.ru/Restaurant_Review-g298490-d6186585-Reviews-Plaza-Blagoveshchensk_Amur_Oblast_Far_Eastern_District.html,Рестораны
https://www.tripadvisor.ru/Restaurant_Review-g298490-d6186622-Reviews-Uzbeksko_Turetskaya_Kukhnya-Blagoveshchensk_Amur_Oblast_Far_Eastern_District.html,Рестораны
https://www.tripadvisor.ru/Restaurant_Review-g2538276-d14988823-Reviews-Love_Coffee-Svobodny_Amur_Oblast_Far_Eastern_District.html,Рестораны
https://www.tripadvisor.ru/Restaurant_Review-g298490-d6186575-Reviews-Pekinskaya_Utka-Blagoveshchensk_Amur_Oblast_Far_Eastern_District.html,Рестораны
https://www.tripadvisor.ru/Restaurant_Review-g298490-d6186567-Reviews-Paris_1930-Blagoveshchensk_Amur_Oblast_Far_Eastern_District.html,Рестораны
https://www.tripadvisor.ru/Restaurant_Review-g298490-d6186574-Reviews-Pekinskaya_Utka-Blagoveshchensk_Amur_Oblast_Far_Eastern_District.html,Рестораны
https://www.tripadvisor.ru/Restaurant_Review-g298490-d6186562-Reviews-Landysh-Blagoveshchensk_Amur_Oblast_Far_Eastern_District.html,Рестораны
https://www.tripadvisor.ru/Restaurant_Review-g2538276-d19503384-Reviews-Kebab_House_1-Svobodny_Amur_Oblast_Far_Eastern_District.html,Рестораны
https://www.tripadvisor.ru/Restaurant_Review-g298490-d24982120-Reviews-SUSHISET-Blagoveshchensk_Amur_Oblast_Far_Eastern_District.html,Рестораны
https://www.tripadvisor.ru/Restaurant_Review-g298490-d17728889-Reviews-Garazh-Blagoveshchensk_Amur_Oblast_Far_Eastern_District.html,Рестораны
https://www.tripadvisor.ru/Restaurant_Review-g298490-d14470465-Reviews-Dodo_Pizza-Blagoveshchensk_Amur_Oblast_Far_Eastern_District.html,Рестораны
https://www.tripadvisor.ru/Restaurant_Review-g298490-d8426050-Reviews-Kofeynya_Na_Naberezhnoi-Blagoveshchensk_Amur_Oblast_Far_Eastern_District.html,Рестораны
https://www.tripadvisor.ru/Restaurant_Review-g2538276-d13231498-Reviews-Tandem_Fastfood-Svobodny_Amur_Oblast_Far_Eastern_District.html,Рестораны
https://www.tripadvisor.ru/Restaurant_Review-g298490-d6186538-Reviews-Kazachya_Stanitsa-Blagoveshchensk_Amur_Oblast_Far_Eastern_District.html,Рестораны
https://www.tripadvisor.ru/Restaurant_Review-g298490-d6186598-Reviews-Sobraniye-Blagoveshchensk_Amur_Oblast_Far_Eastern_District.html,Рестораны
https://www.tripadvisor.ru/Restaurant_Review-g298490-d6186539-Reviews-Zeleny_Dvor-Blagoveshchensk_Amur_Oblast_Far_Eastern_District.html,Рестораны
https://www.tripadvisor.ru/Restaurant_Review-g298490-d6186523-Reviews-John_Ka-Blagoveshchensk_Amur_Oblast_Far_Eastern_District.html,Рестораны
https://www.tripadvisor.ru/Restaurant_Review-g298490-d6186572-Reviews-Omega-Blagoveshchensk_Amur_Oblast_Far_Eastern_District.html,Рестораны
https://www.tripadvisor.ru/Restaurant_Review-g298490-d6186502-Reviews-Ararat-Blagoveshchensk_Amur_Oblast_Far_Eastern_District.html,Рестораны
https://www.tripadvisor.ru/Restaurant_Review-g298490-d8863632-Reviews-Kofeynya_1-Blagoveshchensk_Amur_Oblast_Far_Eastern_District.html,Рестораны
https://www.tripadvisor.ru/Restaurant_Review-g298490-d6186612-Reviews-Sushi_Express-Blagoveshchensk_Amur_Oblast_Far_Eastern_District.html,Рестораны
https://www.tripadvisor.ru/Restaurant_Review-g298490-d23436163-Reviews-Toko_Sushi-Blagoveshchensk_Amur_Oblast_Far_Eastern_District.html,Рестораны
https://www.tripadvisor.ru/Restaurant_Review-g298490-d6186586-Reviews-Provence-Blagoveshchensk_Amur_Oblast_Far_Eastern_District.html,Рестораны
https://www.tripadvisor.ru/Restaurant_Review-g298490-d6186593-Reviews-Prilichnaya_Canteen-Blagoveshchensk_Amur_Oblast_Far_Eastern_District.html,Рестораны
https://www.tripadvisor.ru/Restaurant_Review-g298490-d8674728-Reviews-Prilichnaya_Stolovaya-Blagoveshchensk_Amur_Oblast_Far_Eastern_District.html,Рестораны
https://www.tripadvisor.ru/Restaurant_Review-g2389191-d8450056-Reviews-Fais_Uzbechka-Tynda_Amur_Oblast_Far_Eastern_District.html,Рестораны
https://www.tripadvisor.ru/Restaurant_Review-g298490-d6743529-Reviews-St_Patrick-Blagoveshchensk_Amur_Oblast_Far_Eastern_District.html,Рестораны
https://www.tripadvisor.ru/Restaurant_Review-g298490-d6186559-Reviews-Lun_Fu-Blagoveshchensk_Amur_Oblast_Far_Eastern_District.html,Рестораны
https://www.tripadvisor.ru/Restaurant_Review-g298490-d6186592-Reviews-Printsessa-Blagoveshchensk_Amur_Oblast_Far_Eastern_District.html,Рестораны
https://www.tripadvisor.ru/Restaurant_Review-g298490-d11488072-Reviews-Restaurant_Strannik-Blagoveshchensk_Amur_Oblast_Far_Eastern_District.html,Рестораны
https://www.tripadvisor.ru/Restaurant_Review-g2538275-d4944481-Reviews-Cafe_MERCI-Belogorsk_Amur_Oblast_Far_Eastern_District.html,Рестораны
https://www.tripadvisor.ru/Restaurant_Review-g298490-d6186640-Reviews-Harbin-Blagoveshchensk_Amur_Oblast_Far_Eastern_District.html,Рестораны
https://www.tripadvisor.ru/Restaurant_Review-g298490-d6186558-Reviews-Madam_Povari-Blagoveshchensk_Amur_Oblast_Far_Eastern_District.html,Рестораны
https://www.tripadvisor.ru/Restaurant_Review-g2538276-d15111456-Reviews-Mimino-Svobodny_Amur_Oblast_Far_Eastern_District.html,Рестораны
https://www.tripadvisor.ru/Restaurant_Review-g298490-d14793333-Reviews-Cafe_Skandi-Blagoveshchensk_Amur_Oblast_Far_Eastern_District.html,Рестораны
https://www.tripadvisor.ru/Restaurant_Review-g298490-d6186518-Reviews-Vostok-Blagoveshchensk_Amur_Oblast_Far_Eastern_District.html,Рестораны
https://www.tripadvisor.ru/Restaurant_Review-g298490-d13568911-Reviews-Coffeeteassimo-Blagoveshchensk_Amur_Oblast_Far_Eastern_District.html,Рестораны
https://www.tripadvisor.ru/Restaurant_Review-g298490-d6186525-Reviews-Vostochny_Dragon-Blagoveshchensk_Amur_Oblast_Far_Eastern_District.html,Рестораны
https://www.tripadvisor.ru/Restaurant_Review-g298490-d6186504-Reviews-Belaya_Lilia-Blagoveshchensk_Amur_Oblast_Far_Eastern_District.html,Рестораны
https://www.tripadvisor.ru/Restaurant_Review-g298490-d7062997-Reviews-Restaurant_Mystery-Blagoveshchensk_Amur_Oblast_Far_Eastern_District.html,Рестораны
https://www.tripadvisor.ru/Restaurant_Review-g298490-d6186513-Reviews-Vostok-Blagoveshchensk_Amur_Oblast_Far_Eastern_District.html,Рестораны
https://www.tripadvisor.ru/Restaurant_Review-g298490-d6186618-Reviews-Taras_Bulba-Blagoveshchensk_Amur_Oblast_Far_Eastern_District.html,Рестораны
https://www.tripadvisor.ru/Restaurant_Review-g298490-d6186521-Reviews-Gyumri-Blagoveshchensk_Amur_Oblast_Far_Eastern_District.html,Рестораны
https://www.tripadvisor.ru/Restaurant_Review-g298490-d13189427-Reviews-Bratya_Grill-Blagoveshchensk_Amur_Oblast_Far_Eastern_District.html,Рестораны
https://www.tripadvisor.ru/Restaurant_Review-g298490-d6186549-Reviews-Kit_Chen-Blagoveshchensk_Amur_Oblast_Far_Eastern_District.html,Рестораны
https://www.tripadvisor.ru/Restaurant_Review-g298490-d6186747-Reviews-Savoiya-Blagoveshchensk_Amur_Oblast_Far_Eastern_District.html,Рестораны
https://www.tripadvisor.ru/Restaurant_Review-g298490-d6186653-Reviews-Shanghai-Blagoveshchensk_Amur_Oblast_Far_Eastern_District.html,Рестораны
https://www.tripadvisor.ru/Restaurant_Review-g298490-d6186625-Reviews-Tri_Tolstyaka-Blagoveshchensk_Amur_Oblast_Far_Eastern_District.html,Рестораны
https://www.tripadvisor.ru/Restaurant_Review-g298490-d6743855-Reviews-Birkhaus-Blagoveshchensk_Amur_Oblast_Far_Eastern_District.html,Рестораны
https://www.tripadvisor.ru/Restaurant_Review-g298490-d6186620-Reviews-Tvoi_Sushi-Blagoveshchensk_Amur_Oblast_Far_Eastern_District.html,Рестораны
https://www.tripadvisor.ru/Restaurant_Review-g298490-d13051337-Reviews-Kambey-Blagoveshchensk_Amur_Oblast_Far_Eastern_District.html,Рестораны
https://www.tripadvisor.ru/Restaurant_Review-g298490-d23277428-Reviews-First_Bar-Blagoveshchensk_Amur_Oblast_Far_Eastern_District.html,Рестораны
https://www.tripadvisor.ru/Restaurant_Review-g298490-d6186608-Reviews-Sungari-Blagoveshchensk_Amur_Oblast_Far_Eastern_District.html,Рестораны
https://www.tripadvisor.ru/Restaurant_Review-g298490-d23617124-Reviews-Maccheroni-Blagoveshchensk_Amur_Oblast_Far_Eastern_District.html,Рестораны
https://www.tripadvisor.ru/Restaurant_Review-g298490-d6186641-Reviews-Chaikhana-Blagoveshchensk_Amur_Oblast_Far_Eastern_District.html,Рестораны
https://www.tripadvisor.ru/Restaurant_Review-g298490-d6186604-Reviews-Sovetskiy_Kabak-Blagoveshchensk_Amur_Oblast_Far_Eastern_District.html,Рестораны
https://www.tripadvisor.ru/Restaurant_Review-g2389191-d21314007-Reviews-Kofeynya_Na_Mokhortova-Tynda_Amur_Oblast_Far_Eastern_District.html,Рестораны
https://www.tripadvisor.ru/Restaurant_Review-g298490-d6186555-Reviews-Lazzat-Blagoveshchensk_Amur_Oblast_Far_Eastern_District.html,Рестораны
https://www.tripadvisor.ru/Restaurant_Review-g298490-d6745050-Reviews-Temnoye_Svetloye-Blagoveshchensk_Amur_Oblast_Far_Eastern_District.html,Рестораны
https://www.tripadvisor.ru/Restaurant_Review-g298490-d12695519-Reviews-Tsindao-Blagoveshchensk_Amur_Oblast_Far_Eastern_District.html,Рестораны
https://www.tripadvisor.ru/Restaurant_Review-g298490-d6186614-Reviews-Stary_Gorod-Blagoveshchensk_Amur_Oblast_Far_Eastern_District.html,Рестораны
https://www.tripadvisor.ru/Restaurant_Review-g298490-d6186602-Reviews-Slavyanskoye-Blagoveshchensk_Amur_Oblast_Far_Eastern_District.html,Рестораны
https://www.tripadvisor.ru/Restaurant_Review-g298490-d6186616-Reviews-Tbilisi-Blagoveshchensk_Amur_Oblast_Far_Eastern_District.html,Рестораны
https://www.tripadvisor.ru/Restaurant_Review-g298490-d23428335-Reviews-Pinzeria_by_Bontempi-Blagoveshchensk_Amur_Oblast_Far_Eastern_District.html,Рестораны
https://www.tripadvisor.ru/Restaurant_Review-g298490-d7213233-Reviews-Armenia-Blagoveshchensk_Amur_Oblast_Far_Eastern_District.html,Рестораны
https://www.tripadvisor.ru/Restaurant_Review-g298490-d13814736-Reviews-Ot_Vinta-Blagoveshchensk_Amur_Oblast_Far_Eastern_District.html,Рестораны
https://www.tripadvisor.ru/Restaurant_Review-g298490-d6186594-Reviews-Pyany_Krolik-Blagoveshchensk_Amur_Oblast_Far_Eastern_District.html,Рестораны
https://www.tripadvisor.ru/Restaurant_Review-g298490-d16742151-Reviews-Fidel_Bar_Club-Blagoveshchensk_Amur_Oblast_Far_Eastern_District.html,Рестораны
https://www.tripadvisor.ru/Restaurant_Review-g298490-d6186535-Reviews-Izumrudny_Gorod-Blagoveshchensk_Amur_Oblast_Far_Eastern_District.html,Рестораны
https://www.tripadvisor.ru/Restaurant_Review-g298490-d8350213-Reviews-Stop_Go-Blagoveshchensk_Amur_Oblast_Far_Eastern_District.html,Рестораны
https://www.tripadvisor.ru/Restaurant_Review-g298490-d8348576-Reviews-Pekarnya_Pirogov-Blagoveshchensk_Amur_Oblast_Far_Eastern_District.html,Рестораны
https://www.tripadvisor.ru/Restaurant_Review-g298490-d6186613-Reviews-Tamerlan-Blagoveshchensk_Amur_Oblast_Far_Eastern_District.html,Рестораны
https://www.tripadvisor.ru/Restaurant_Review-g298490-d6186570-Reviews-Na_Grafskoi-Blagoveshchensk_Amur_Oblast_Far_Eastern_District.html,Рестораны
https://www.tripadvisor.ru/Restaurant_Review-g2538275-d8454283-Reviews-Cafe_Zolotaya_Melnitsa-Belogorsk_Amur_Oblast_Far_Eastern_District.html,Рестораны
https://www.tripadvisor.ru/Restaurant_Review-g298490-d6467699-Reviews-Akhtamar-Blagoveshchensk_Amur_Oblast_Far_Eastern_District.html,Рестораны
https://www.tripadvisor.ru/Restaurant_Review-g298490-d8344224-Reviews-Altan_Buuza-Blagoveshchensk_Amur_Oblast_Far_Eastern_District.html,Рестораны
https://www.tripadvisor.ru/Restaurant_Review-g298490-d6186609-Reviews-Solnechny_Rai-Blagoveshchensk_Amur_Oblast_Far_Eastern_District.html,Рестораны
https://www.tripadvisor.ru/Restaurant_Review-g298490-d6186643-Reviews-Chinar-Blagoveshchensk_Amur_Oblast_Far_Eastern_District.html,Рестораны
https://www.tripadvisor.ru/Restaurant_Review-g298490-d17990922-Reviews-Sushi_Love-Blagoveshchensk_Amur_Oblast_Far_Eastern_District.html,Рестораны
https://www.tripadvisor.ru/Restaurant_Review-g298490-d6186511-Reviews-Venezia-Blagoveshchensk_Amur_Oblast_Far_Eastern_District.html,Рестораны
https://www.tripadvisor.ru/Restaurant_Review-g298490-d17862789-Reviews-Harat_s_Irish_Pub-Blagoveshchensk_Amur_Oblast_Far_Eastern_District.html,Рестораны
https://www.tripadvisor.ru/Restaurant_Review-g298490-d11612116-Reviews-Gorodskaya_Kofeinya-Blagoveshchensk_Amur_Oblast_Far_Eastern_District.html,Рестораны
https://www.tripadvisor.ru/Restaurant_Review-g298490-d6186581-Reviews-Prado-Blagoveshchensk_Amur_Oblast_Far_Eastern_District.html,Рестораны
https://www.tripadvisor.ru/Restaurant_Review-g298490-d8347286-Reviews-Kitai_Gorod-Blagoveshchensk_Amur_Oblast_Far_Eastern_District.html,Рестораны
https://www.tripadvisor.ru/Restaurant_Review-g298490-d6186650-Reviews-Yakor-Blagoveshchensk_Amur_Oblast_Far_Eastern_District.html,Рестораны
https://www.tripadvisor.ru/Restaurant_Review-g298490-d6186582-Reviews-Pelmeshki_Da_Vareniki-Blagoveshchensk_Amur_Oblast_Far_Eastern_District.html,Рестораны
https://www.tripadvisor.ru/Restaurant_Review-g298490-d8351159-Reviews-Vinovodochny-Blagoveshchensk_Amur_Oblast_Far_Eastern_District.html,Рестораны
https://www.tripadvisor.ru/Restaurant_Review-g298490-d6743033-Reviews-Becks-Blagoveshchensk_Amur_Oblast_Far_Eastern_District.html,Рестораны
https://www.tripadvisor.ru/Restaurant_Review-g298490-d6186637-Reviews-Tri_Tolstyaka-Blagoveshchensk_Amur_Oblast_Far_Eastern_District.html,Рестораны
https://www.tripadvisor.ru/Restaurant_Review-g298490-d15834078-Reviews-DO_BRO-Blagoveshchensk_Amur_Oblast_Far_Eastern_District.html,Рестораны
https://www.tripadvisor.ru/Restaurant_Review-g298490-d13374535-Reviews-Kafema-Blagoveshchensk_Amur_Oblast_Far_Eastern_District.html,Рестораны
https://www.tripadvisor.ru/Restaurant_Review-g298490-d7213236-Reviews-Gorets-Blagoveshchensk_Amur_Oblast_Far_Eastern_District.html,Рестораны
https://www.tripadvisor.ru/Restaurant_Review-g298490-d6186607-Reviews-Biryuza-Blagoveshchensk_Amur_Oblast_Far_Eastern_District.html,Рестораны
https://www.tripadvisor.ru/Restaurant_Review-g298490-d6186512-Reviews-Blinok-Blagoveshchensk_Amur_Oblast_Far_Eastern_District.html,Рестораны
https://www.tripadvisor.ru/Restaurant_Review-g298490-d6186632-Reviews-Trapeza-Blagoveshchensk_Amur_Oblast_Far_Eastern_District.html,Рестораны
https://www.tripadvisor.ru/Restaurant_Review-g298490-d6186553-Reviews-Madam_Povari-Blagoveshchensk_Amur_Oblast_Far_Eastern_District.html,Рестораны
https://www.tripadvisor.ru/Restaurant_Review-g298490-d7906159-Reviews-Vanatsov-Blagoveshchensk_Amur_Oblast_Far_Eastern_District.html,Рестораны
https://www.tripadvisor.ru/Restaurant_Review-g298490-d6186507-Reviews-Bely_Lebed-Blagoveshchensk_Amur_Oblast_Far_Eastern_District.html,Рестораны
https://www.tripadvisor.ru/Restaurant_Review-g298490-d6186503-Reviews-Anis-Blagoveshchensk_Amur_Oblast_Far_Eastern_District.html,Рестораны
https://www.tripadvisor.ru/Restaurant_Review-g298490-d6186619-Reviews-Tvoya_Pizza-Blagoveshchensk_Amur_Oblast_Far_Eastern_District.html,Рестораны
https://www.tripadvisor.ru/Restaurant_Review-g298490-d6186544-Reviews-Kakao_Bob-Blagoveshchensk_Amur_Oblast_Far_Eastern_District.html,Рестораны
https://www.tripadvisor.ru/Restaurant_Review-g298490-d13075046-Reviews-Coffee_Like-Blagoveshchensk_Amur_Oblast_Far_Eastern_District.html,Рестораны
https://www.tripadvisor.ru/Restaurant_Review-g298490-d6186537-Reviews-Zolotoi_Pavlin-Blagoveshchensk_Amur_Oblast_Far_Eastern_District.html,Рестораны
https://www.tripadvisor.ru/Restaurant_Review-g298490-d13203590-Reviews-Sogdiana-Blagoveshchensk_Amur_Oblast_Far_Eastern_District.html,Рестораны
https://www.tripadvisor.ru/Restaurant_Review-g298490-d13005315-Reviews-Galiya-Blagoveshchensk_Amur_Oblast_Far_Eastern_District.html,Рестораны
https://www.tripadvisor.ru/Restaurant_Review-g2690094-d10200819-Reviews-Restaurant_Platina-Skovorodino_Skovorodinsky_District_Amur_Oblast_Far_Eastern_D.html,Рестораны
https://www.tripadvisor.ru/Restaurant_Review-g298490-d12122846-Reviews-Meteor_Pizza-Blagoveshchensk_Amur_Oblast_Far_Eastern_District.html,Рестораны
https://www.tripadvisor.ru/Restaurant_Review-g298490-d12109690-Reviews-Kushai_Sushi_i_Pitstsu-Blagoveshchensk_Amur_Oblast_Far_Eastern_District.html,Рестораны
https://www.tripadvisor.ru/Restaurant_Review-g2538275-d10837631-Reviews-Imperiya-Belogorsk_Amur_Oblast_Far_Eastern_District.html,Рестораны
https://www.tripadvisor.ru/Restaurant_Review-g298490-d6186611-Reviews-Sungari-Blagoveshchensk_Amur_Oblast_Far_Eastern_District.html,Рестораны
https://www.tripadvisor.ru/Restaurant_Review-g298490-d6186601-Reviews-Rus-Blagoveshchensk_Amur_Oblast_Far_Eastern_District.html,Рестораны
https://www.tripadvisor.ru/Restaurant_Review-g298490-d8351156-Reviews-Vinovodochny-Blagoveshchensk_Amur_Oblast_Far_Eastern_District.html,Рестораны
https://www.tripadvisor.ru/Restaurant_Review-g298490-d6186600-Reviews-Sanya-Blagoveshchensk_Amur_Oblast_Far_Eastern_District.html,Рестораны
https://www.tripadvisor.ru/Restaurant_Review-g298490-d21378880-Reviews-Kafe_Kofetyur-Blagoveshchensk_Amur_Oblast_Far_Eastern_District.html,Рестораны
https://www.tripadvisor.ru/Restaurant_Review-g298490-d8351394-Reviews-Yaponskiye_Ponchiki-Blagoveshchensk_Amur_Oblast_Far_Eastern_District.html,Рестораны
https://www.tripadvisor.ru/Restaurant_Review-g2389191-d21309196-Reviews-Avenyu-Tynda_Amur_Oblast_Far_Eastern_District.html,Рестораны
https://www.tripadvisor.ru/Restaurant_Review-g298490-d6186569-Reviews-Odzhakh-Blagoveshchensk_Amur_Oblast_Far_Eastern_District.html,Рестораны
https://www.tripadvisor.ru/Restaurant_Review-g298490-d6186642-Reviews-Shenyan-Blagoveshchensk_Amur_Oblast_Far_Eastern_District.html,Рестораны
https://www.tripadvisor.ru/Restaurant_Review-g298490-d6186626-Reviews-Tibet-Blagoveshchensk_Amur_Oblast_Far_Eastern_District.html,Рестораны
https://www.tripadvisor.ru/Restaurant_Review-g298490-d6186638-Reviews-Elnur-Blagoveshchensk_Amur_Oblast_Far_Eastern_District.html,Рестораны
https://www.tripadvisor.ru/Restaurant_Review-g298490-d6186588-Reviews-Ritm-Blagoveshchensk_Amur_Oblast_Far_Eastern_District.html,Рестораны
https://www.tripadvisor.ru/Restaurant_Review-g298490-d6186566-Reviews-Laguna-Blagoveshchensk_Amur_Oblast_Far_Eastern_District.html,Рестораны
https://www.tripadvisor.ru/Restaurant_Review-g298490-d6186498-Reviews-Tropicana-Blagoveshchensk_Amur_Oblast_Far_Eastern_District.html,Рестораны
https://www.tripadvisor.ru/Restaurant_Review-g298490-d7606238-Reviews-Imperial-Blagoveshchensk_Amur_Oblast_Far_Eastern_District.html,Рестораны
https://www.tripadvisor.ru/Restaurant_Review-g298490-d6186628-Reviews-Tsvetok_Solntsa-Blagoveshchensk_Amur_Oblast_Far_Eastern_District.html,Рестораны
https://www.tripadvisor.ru/Restaurant_Review-g298490-d6186916-Reviews-KinoPizza-Blagoveshchensk_Amur_Oblast_Far_Eastern_District.html,Рестораны
https://www.tripadvisor.ru/Restaurant_Review-g298490-d17571269-Reviews-Coffee_Garage-Blagoveshchensk_Amur_Oblast_Far_Eastern_District.html,Рестораны
https://www.tripadvisor.ru/Restaurant_Review-g2389191-d5793066-Reviews-Shanghai_Kafe-Tynda_Amur_Oblast_Far_Eastern_District.html,Рестораны
https://www.tripadvisor.ru/Restaurant_Review-g298490-d6186606-Reviews-Sungari-Blagoveshchensk_Amur_Oblast_Far_Eastern_District.html,Рестораны
https://www.tripadvisor.ru/Restaurant_Review-g298490-d12328364-Reviews-Avstraliya_Cafe_Bar-Blagoveshchensk_Amur_Oblast_Far_Eastern_District.html,Рестораны
https://www.tripadvisor.ru/Restaurant_Review-g298490-d6186529-Reviews-Druzhba-Blagoveshchensk_Amur_Oblast_Far_Eastern_District.html,Рестораны
https://www.tripadvisor.ru/Restaurant_Review-g298490-d10825463-Reviews-Seli_Poyeli-Blagoveshchensk_Amur_Oblast_Far_Eastern_District.html,Рестораны
https://www.tripadvisor.ru/Restaurant_Review-g298490-d6186501-Reviews-Bagulnik-Blagoveshchensk_Amur_Oblast_Far_Eastern_District.html,Рестораны
https://www.tripadvisor.ru/Restaurant_Review-g298490-d10025620-Reviews-Cafe_Yeti-Blagoveshchensk_Amur_Oblast_Far_Eastern_District.html,Рестораны
https://www.tripadvisor.ru/Restaurant_Review-g298490-d6186547-Reviews-Caspiy-Blagoveshchensk_Amur_Oblast_Far_Eastern_District.html,Рестораны
https://www.tripadvisor.ru/Restaurant_Review-g298490-d8347386-Reviews-Korsary-Blagoveshchensk_Amur_Oblast_Far_Eastern_District.html,Рестораны
https://www.tripadvisor.ru/Restaurant_Review-g298490-d8344201-Reviews-Ali_Baba-Blagoveshchensk_Amur_Oblast_Far_Eastern_District.html,Рестораны
https://www.tripadvisor.ru/Restaurant_Review-g298490-d8345628-Reviews-Chaikovskiy_Pub-Blagoveshchensk_Amur_Oblast_Far_Eastern_District.html,Рестораны
https://www.tripadvisor.ru/Restaurant_Review-g298490-d6186528-Reviews-Druzhba-Blagoveshchensk_Amur_Oblast_Far_Eastern_District.html,Рестораны
https://www.tripadvisor.ru/Restaurant_Review-g298490-d6186536-Reviews-Yoshkin_Kot-Blagoveshchensk_Amur_Oblast_Far_Eastern_District.html,Рестораны
https://www.tripadvisor.ru/Restaurant_Review-g298490-d7270179-Reviews-Bukhara-Blagoveshchensk_Amur_Oblast_Far_Eastern_District.html,Рестораны
https://www.tripadvisor.ru/Restaurant_Review-g298490-d6743841-Reviews-Bermudy-Blagoveshchensk_Amur_Oblast_Far_Eastern_District.html,Рестораны
https://www.tripadvisor.ru/Restaurant_Review-g298490-d6186873-Reviews-Samur-Blagoveshchensk_Amur_Oblast_Far_Eastern_District.html,Рестораны
https://www.tripadvisor.ru/Restaurant_Review-g298490-d6186597-Reviews-Sigma-Blagoveshchensk_Amur_Oblast_Far_Eastern_District.html,Рестораны
https://www.tripadvisor.ru/Restaurant_Review-g298490-d6186631-Reviews-Bastiya-Blagoveshchensk_Amur_Oblast_Far_Eastern_District.html,Рестораны
https://www.tripadvisor.ru/Restaurant_Review-g298490-d6186526-Reviews-Gonkong-Blagoveshchensk_Amur_Oblast_Far_Eastern_District.html,Рестораны
https://www.tripadvisor.ru/Restaurant_Review-g298490-d6186531-Reviews-Em_I_Em-Blagoveshchensk_Amur_Oblast_Far_Eastern_District.html,Рестораны
https://www.tripadvisor.ru/Restaurant_Review-g298490-d6186477-Reviews-Buono-Blagoveshchensk_Amur_Oblast_Far_Eastern_District.html,Рестораны
https://www.tripadvisor.ru/Restaurant_Review-g298490-d6186534-Reviews-Zodiac-Blagoveshchensk_Amur_Oblast_Far_Eastern_District.html,Рестораны
https://www.tripadvisor.ru/Restaurant_Review-g2538275-d17514087-Reviews-Versal-Belogorsk_Amur_Oblast_Far_Eastern_District.html,Рестораны
https://www.tripadvisor.ru/Restaurant_Review-g2389191-d12273097-Reviews-Andersen_Cafe-Tynda_Amur_Oblast_Far_Eastern_District.html,Рестораны
https://www.tripadvisor.ru/Restaurant_Review-g2389191-d13008477-Reviews-Buryatskaya_Kukhnya-Tynda_Amur_Oblast_Far_Eastern_District.html,Рестораны
https://www.tripadvisor.ru/Restaurant_Review-g298490-d6186615-Reviews-Tai_Shan-Blagoveshchensk_Amur_Oblast_Far_Eastern_District.html,Рестораны
https://www.tripadvisor.ru/Restaurant_Review-g298490-d6186583-Reviews-Prado-Blagoveshchensk_Amur_Oblast_Far_Eastern_District.html,Рестораны
https://www.tripadvisor.ru/Restaurant_Review-g298490-d6857287-Reviews-Dzhavakhk-Blagoveshchensk_Amur_Oblast_Far_Eastern_District.html,Рестораны
https://www.tripadvisor.ru/Restaurant_Review-g298490-d8736632-Reviews-Waka_Waka-Blagoveshchensk_Amur_Oblast_Far_Eastern_District.html,Рестораны
https://www.tripadvisor.ru/Restaurant_Review-g298490-d21295341-Reviews-Briosh-Blagoveshchensk_Amur_Oblast_Far_Eastern_District.html,Рестораны
https://www.tripadvisor.ru/Restaurant_Review-g298490-d6186557-Reviews-Lavka-Blagoveshchensk_Amur_Oblast_Far_Eastern_District.html,Рестораны
https://www.tripadvisor.ru/Restaurant_Review-g298490-d6744782-Reviews-Pitbul-Blagoveshchensk_Amur_Oblast_Far_Eastern_District.html,Рестораны
https://www.tripadvisor.ru/Restaurant_Review-g298490-d9564103-Reviews-Canteen_of_Sudostroitelny_Zavod-Blagoveshchensk_Amur_Oblast_Far_Eastern_District.html,Рестораны
https://www.tripadvisor.ru/Restaurant_Review-g298490-d17862743-Reviews-Black_Star_Burger-Blagoveshchensk_Amur_Oblast_Far_Eastern_District.html,Рестораны
https://www.tripadvisor.ru/Restaurant_Review-g298490-d17720387-Reviews-Baikal-Blagoveshchensk_Amur_Oblast_Far_Eastern_District.html,Рестораны
https://www.tripadvisor.ru/Restaurant_Review-g298490-d6186803-Reviews-Shabnam-Blagoveshchensk_Amur_Oblast_Far_Eastern_District.html,Рестораны
https://www.tripadvisor.ru/Restaurant_Review-g298490-d8381113-Reviews-Panorama-Blagoveshchensk_Amur_Oblast_Far_Eastern_District.html,Рестораны
https://www.tripadvisor.ru/Restaurant_Review-g298490-d6186480-Reviews-Buono-Blagoveshchensk_Amur_Oblast_Far_Eastern_District.html,Рестораны
https://www.tripadvisor.ru/Restaurant_Review-g298490-d15214765-Reviews-Jigger_Pony-Blagoveshchensk_Amur_Oblast_Far_Eastern_District.html,Рестораны
https://www.tripadvisor.ru/Restaurant_Review-g2538276-d13134583-Reviews-Kruglyak-Svobodny_Amur_Oblast_Far_Eastern_District.html,Рестораны
https://www.tripadvisor.ru/Restaurant_Review-g298490-d6187134-Reviews-Pervomaiskoye-Blagoveshchensk_Amur_Oblast_Far_Eastern_District.html,Рестораны
https://www.tripadvisor.ru/Restaurant_Review-g298490-d6186595-Reviews-Russkaya_Izba-Blagoveshchensk_Amur_Oblast_Far_Eastern_District.html,Рестораны
https://www.tripadvisor.ru/Restaurant_Review-g298490-d6186610-Reviews-Sultan-Blagoveshchensk_Amur_Oblast_Far_Eastern_District.html,Рестораны
https://www.tripadvisor.ru/Restaurant_Review-g298490-d6534458-Reviews-Tavern-Blagoveshchensk_Amur_Oblast_Far_Eastern_District.html,Рестораны
https://www.tripadvisor.ru/Restaurant_Review-g298490-d6186590-Reviews-Poputny_Veter-Blagoveshchensk_Amur_Oblast_Far_Eastern_District.html,Рестораны
https://www.tripadvisor.ru/Restaurant_Review-g298490-d6186645-Reviews-Khudozhnik-Blagoveshchensk_Amur_Oblast_Far_Eastern_District.html,Рестораны
https://www.tripadvisor.ru/Restaurant_Review-g298490-d8376966-Reviews-Tasty_Food-Blagoveshchensk_Amur_Oblast_Far_Eastern_District.html,Рестораны
https://www.tripadvisor.ru/Restaurant_Review-g298490-d6186522-Reviews-Divo-Blagoveshchensk_Amur_Oblast_Far_Eastern_District.html,Рестораны
https://www.tripadvisor.ru/Restaurant_Review-g298490-d12048517-Reviews-Baikal_Cafe-Blagoveshchensk_Amur_Oblast_Far_Eastern_District.html,Рестораны
https://www.tripadvisor.ru/Restaurant_Review-g298490-d15034461-Reviews-Luno_Light_Resto_Bar-Blagoveshchensk_Amur_Oblast_Far_Eastern_District.html,Рестораны
https://www.tripadvisor.ru/Restaurant_Review-g298490-d6186714-Reviews-Zerkalny-Blagoveshchensk_Amur_Oblast_Far_Eastern_District.html,Рестораны
https://www.tripadvisor.ru/Restaurant_Review-g298490-d6186516-Reviews-Vostochny_Aromat-Blagoveshchensk_Amur_Oblast_Far_Eastern_District.html,Рестораны
https://www.tripadvisor.ru/Restaurant_Review-g298490-d17723591-Reviews-Barashka-Blagoveshchensk_Amur_Oblast_Far_Eastern_District.html,Рестораны
https://www.tripadvisor.ru/Restaurant_Review-g298490-d6186573-Reviews-Mercury-Blagoveshchensk_Amur_Oblast_Far_Eastern_District.html,Рестораны
https://www.tripadvisor.ru/Restaurant_Review-g2690094-d8743383-Reviews-Cafe_Sofi-Skovorodino_Skovorodinsky_District_Amur_Oblast_Far_Eastern_District.html,Рестораны
https://www.tripadvisor.ru/Restaurant_Review-g2538276-d13149782-Reviews-Tropikana-Svobodny_Amur_Oblast_Far_Eastern_District.html,Рестораны
https://www.tripadvisor.ru/Restaurant_Review-g298490-d11706016-Reviews-Meat_Barbeque-Blagoveshchensk_Amur_Oblast_Far_Eastern_District.html,Рестораны
https://www.tripadvisor.ru/Restaurant_Review-g298490-d8350392-Reviews-Sushi_Wok-Blagoveshchensk_Amur_Oblast_Far_Eastern_District.html,Рестораны
https://www.tripadvisor.ru/Restaurant_Review-g298490-d13171759-Reviews-Kung_Fu-Blagoveshchensk_Amur_Oblast_Far_Eastern_District.html,Рестораны
https://www.tripadvisor.ru/Restaurant_Review-g298490-d6186564-Reviews-Nebo-Blagoveshchensk_Amur_Oblast_Far_Eastern_District.html,Рестораны
https://www.tripadvisor.ru/Restaurant_Review-g298490-d6186505-Reviews-Bavaria-Blagoveshchensk_Amur_Oblast_Far_Eastern_District.html,Рестораны
https://www.tripadvisor.ru/Restaurant_Review-g298490-d6186499-Reviews-Arm_Pizza-Blagoveshchensk_Amur_Oblast_Far_Eastern_District.html,Рестораны
https://www.tripadvisor.ru/Restaurant_Review-g298490-d17827716-Reviews-KFC-Blagoveshchensk_Amur_Oblast_Far_Eastern_District.html,Рестораны
https://www.tripadvisor.ru/Restaurant_Review-g2538276-d17847639-Reviews-City-Svobodny_Amur_Oblast_Far_Eastern_District.html,Рестораны
https://www.tripadvisor.ru/Restaurant_Review-g298490-d10403862-Reviews-Cova_Music_Bar-Blagoveshchensk_Amur_Oblast_Far_Eastern_District.html,Рестораны
https://www.tripadvisor.ru/Restaurant_Review-g298490-d16648644-Reviews-KFC-Blagoveshchensk_Amur_Oblast_Far_Eastern_District.html,Рестораны
https://www.tripadvisor.ru/Restaurant_Review-g2538276-d17811185-Reviews-Burger_Bar-Svobodny_Amur_Oblast_Far_Eastern_District.html,Рестораны
https://www.tripadvisor.ru/Restaurant_Review-g298490-d19738384-Reviews-Eurasia-Blagoveshchensk_Amur_Oblast_Far_Eastern_District.html,Рестораны
https://www.tripadvisor.ru/Restaurant_Review-g2538276-d21373955-Reviews-Farfor-Svobodny_Amur_Oblast_Far_Eastern_District.html,Рестораны
https://www.tripadvisor.ru/Restaurant_Review-g2538275-d21373808-Reviews-Farfor-Belogorsk_Amur_Oblast_Far_Eastern_District.html,Рестораны
https://www.tripadvisor.ru/Restaurant_Review-g2538275-d23238216-Reviews-Dodo_Pizza-Belogorsk_Amur_Oblast_Far_Eastern_District.html,Рестораны
https://www.tripadvisor.ru/Restaurant_Review-g2690094-d19611262-Reviews-Bashnya-Skovorodino_Skovorodinsky_District_Amur_Oblast_Far_Eastern_District.html,Рестораны
https://www.tripadvisor.ru/Restaurant_Review-g2373825-d21373960-Reviews-Farfor-Zeya_Amur_Oblast_Far_Eastern_District.html,Рестораны
https://www.tripadvisor.ru/Restaurant_Review-g298490-d17848049-Reviews-Rancho_State_28-Blagoveshchensk_Amur_Oblast_Far_Eastern_District.html,Рестораны
https://www.tripadvisor.ru/Restaurant_Review-g298490-d23135706-Reviews-Vostok-Blagoveshchensk_Amur_Oblast_Far_Eastern_District.html,Рестораны
https://www.tripadvisor.ru/Restaurant_Review-g298490-d8344257-Reviews-Amurskiy_Pub-Blagoveshchensk_Amur_Oblast_Far_Eastern_District.html,Рестораны
https://www.tripadvisor.ru/Restaurant_Review-g298490-d8350642-Reviews-Texas-Blagoveshchensk_Amur_Oblast_Far_Eastern_District.html,Рестораны
https://www.tripadvisor.ru/Restaurant_Review-g298490-d8350641-Reviews-Texas-Blagoveshchensk_Amur_Oblast_Far_Eastern_District.html,Рестораны
https://www.tripadvisor.ru/Restaurant_Review-g298490-d23440691-Reviews-Prilichnaya_stolovaya-Blagoveshchensk_Amur_Oblast_Far_Eastern_District.html,Рестораны
https://www.tripadvisor.ru/Restaurant_Review-g298490-d20382416-Reviews-Sushi_Shop-Blagoveshchensk_Amur_Oblast_Far_Eastern_District.html,Рестораны
https://www.tripadvisor.ru/Restaurant_Review-g298490-d6744025-Reviews-Valerich-Blagoveshchensk_Amur_Oblast_Far_Eastern_District.html,Рестораны
https://www.tripadvisor.ru/Restaurant_Review-g298490-d8350572-Reviews-Tekhas-Blagoveshchensk_Amur_Oblast_Far_Eastern_District.html,Рестораны
https://www.tripadvisor.ru/Restaurant_Review-g298490-d6186630-Reviews-Teatralnaya_Gostinaya-Blagoveshchensk_Amur_Oblast_Far_Eastern_District.html,Рестораны
https://www.tripadvisor.ru/Restaurant_Review-g298490-d6186627-Reviews-Tvoi_Sushi-Blagoveshchensk_Amur_Oblast_Far_Eastern_District.html,Рестораны
https://www.tripadvisor.ru/Restaurant_Review-g298490-d8347346-Reviews-Kolpak-Blagoveshchensk_Amur_Oblast_Far_Eastern_District.html,Рестораны
https://www.tripadvisor.ru/Restaurant_Review-g298490-d8348942-Reviews-Pogrebok-Blagoveshchensk_Amur_Oblast_Far_Eastern_District.html,Рестораны
https://www.tripadvisor.ru/Restaurant_Review-g298490-d6186543-Reviews-Kanon-Blagoveshchensk_Amur_Oblast_Far_Eastern_District.html,Рестораны
https://www.tripadvisor.ru/Restaurant_Review-g298490-d11905378-Reviews-Feniks-Blagoveshchensk_Amur_Oblast_Far_Eastern_District.html,Рестораны
https://www.tripadvisor.ru/Restaurant_Review-g298490-d6186517-Reviews-Vostochnoye_Solntse-Blagoveshchensk_Amur_Oblast_Far_Eastern_District.html,Рестораны
https://www.tripadvisor.ru/Restaurant_Review-g298490-d6186509-Reviews-Vita_Lina-Blagoveshchensk_Amur_Oblast_Far_Eastern_District.html,Рестораны
https://www.tripadvisor.ru/Restaurant_Review-g298490-d6186494-Reviews-Sky-Blagoveshchensk_Amur_Oblast_Far_Eastern_District.html,Рестораны
https://www.tripadvisor.ru/Restaurant_Review-g298490-d6186478-Reviews-Boston-Blagoveshchensk_Amur_Oblast_Far_Eastern_District.html,Рестораны
https://www.tripadvisor.ru/Restaurant_Review-g298490-d19358035-Reviews-Kofeynya_na_Uglu-Blagoveshchensk_Amur_Oblast_Far_Eastern_District.html,Рестораны
https://www.tripadvisor.ru/Restaurant_Review-g298490-d8347197-Reviews-Khmelnoff-Blagoveshchensk_Amur_Oblast_Far_Eastern_District.html,Рестораны
https://www.tripadvisor.ru/Restaurant_Review-g298490-d8348784-Reviews-Pivnoff-Blagoveshchensk_Amur_Oblast_Far_Eastern_District.html,Рестораны
https://www.tripadvisor.ru/Restaurant_Review-g298490-d8348782-Reviews-Pivnoff-Blagoveshchensk_Amur_Oblast_Far_Eastern_District.html,Рестораны
https://www.tripadvisor.ru/Restaurant_Review-g298490-d8347175-Reviews-Khitry_Shurik-Blagoveshchensk_Amur_Oblast_Far_Eastern_District.html,Рестораны
https://www.tripadvisor.ru/Restaurant_Review-g298490-d14139480-Reviews-Steam_Pub-Blagoveshchensk_Amur_Oblast_Far_Eastern_District.html,Рестораны
https://www.tripadvisor.ru/Restaurant_Review-g298490-d21373801-Reviews-Farfor-Blagoveshchensk_Amur_Oblast_Far_Eastern_District.html,Рестораны
https://www.tripadvisor.ru/Restaurant_Review-g298490-d14168112-Reviews-Bolshaya_Medveditsa-Blagoveshchensk_Amur_Oblast_Far_Eastern_District.html,Рестораны
https://www.tripadvisor.ru/Restaurant_Review-g298490-d14193967-Reviews-Dodo_Pizza-Blagoveshchensk_Amur_Oblast_Far_Eastern_District.html,Рестораны
https://www.tripadvisor.ru/Restaurant_Review-g298490-d21166110-Reviews-Sushi_bar_Tunets-Blagoveshchensk_Amur_Oblast_Far_Eastern_District.html,Рестораны
https://www.tripadvisor.ru/Restaurant_Review-g298490-d8348490-Reviews-Palochki_Oblizhesh-Blagoveshchensk_Amur_Oblast_Far_Eastern_District.html,Рестораны
https://www.tripadvisor.ru/Restaurant_Review-g298490-d21389555-Reviews-Kafe_Myata-Blagoveshchensk_Amur_Oblast_Far_Eastern_District.html,Рестораны
https://www.tripadvisor.ru/Restaurant_Review-g298490-d8351630-Reviews-Zhiguli-Blagoveshchensk_Amur_Oblast_Far_Eastern_District.html,Рестораны
https://www.tripadvisor.ru/Restaurant_Review-g298490-d8346831-Reviews-Hookahplace-Blagoveshchensk_Amur_Oblast_Far_Eastern_District.html,Рестораны
https://www.tripadvisor.ru/Restaurant_Review-g298490-d8351573-Reviews-Zapravka_on_Amurskaya-Blagoveshchensk_Amur_Oblast_Far_Eastern_District.html,Рестораны
https://www.tripadvisor.ru/Restaurant_Review-g298490-d7113858-Reviews-Sushi_Bar_Sakura-Blagoveshchensk_Amur_Oblast_Far_Eastern_District.html,Рестораны
https://www.tripadvisor.ru/Restaurant_Review-g298490-d12998798-Reviews-Sushi_Farfor-Blagoveshchensk_Amur_Oblast_Far_Eastern_District.html,Рестораны
https://www.tripadvisor.ru/Restaurant_Review-g298490-d6186486-Reviews-Family-Blagoveshchensk_Amur_Oblast_Far_Eastern_District.html,Рестораны
https://www.tripadvisor.ru/Restaurant_Review-g298490-d13088136-Reviews-Klyukva-Blagoveshchensk_Amur_Oblast_Far_Eastern_District.html,Рестораны
https://www.tripadvisor.ru/Restaurant_Review-g298490-d8344254-Reviews-Amurskiy_Dvor-Blagoveshchensk_Amur_Oblast_Far_Eastern_District.html,Рестораны
https://www.tripadvisor.ru/Restaurant_Review-g298490-d8348230-Reviews-Napitki_Na_Rozliv-Blagoveshchensk_Amur_Oblast_Far_Eastern_District.html,Рестораны
https://www.tripadvisor.ru/Restaurant_Review-g298490-d6186524-Reviews-Vremena_Goda-Blagoveshchensk_Amur_Oblast_Far_Eastern_District.html,Рестораны
https://www.tripadvisor.ru/Restaurant_Review-g298490-d8351398-Reviews-Yaponskiye_Ponchiki-Blagoveshchensk_Amur_Oblast_Far_Eastern_District.html,Рестораны
https://www.tripadvisor.ru/Restaurant_Review-g298490-d23342399-Reviews-Senor_Doner-Blagoveshchensk_Amur_Oblast_Far_Eastern_District.html,Рестораны
https://www.tripadvisor.ru/Restaurant_Review-g298490-d8507862-Reviews-Coyote-Blagoveshchensk_Amur_Oblast_Far_Eastern_District.html,Рестораны
https://www.tripadvisor.ru/Restaurant_Review-g298490-d7270182-Reviews-Kinto-Blagoveshchensk_Amur_Oblast_Far_Eastern_District.html,Рестораны
https://www.tripadvisor.ru/Restaurant_Review-g298490-d13511229-Reviews-Heroes-Blagoveshchensk_Amur_Oblast_Far_Eastern_District.html,Рестораны
https://www.tripadvisor.ru/Restaurant_Review-g298490-d6186636-Reviews-Fanza-Blagoveshchensk_Amur_Oblast_Far_Eastern_District.html,Рестораны
https://www.tripadvisor.ru/Restaurant_Review-g298490-d11677856-Reviews-Kombinat_Pitaniya-Blagoveshchensk_Amur_Oblast_Far_Eastern_District.html,Рестораны
https://www.tripadvisor.ru/Restaurant_Review-g298490-d8351249-Reviews-Vokzalskiy_Pub-Blagoveshchensk_Amur_Oblast_Far_Eastern_District.html,Рестораны
https://www.tripadvisor.ru/Restaurant_Review-g298490-d8347990-Reviews-Melnitsa-Blagoveshchensk_Amur_Oblast_Far_Eastern_District.html,Рестораны
https://www.tripadvisor.ru/Restaurant_Review-g298490-d8351160-Reviews-Vinovodochny-Blagoveshchensk_Amur_Oblast_Far_Eastern_District.html,Рестораны
https://www.tripadvisor.ru/Restaurant_Review-g298490-d8561045-Reviews-Paradiz-Blagoveshchensk_Amur_Oblast_Far_Eastern_District.html,Рестораны
https://www.tripadvisor.ru/Restaurant_Review-g298490-d8562227-Reviews-Pivnitsa-Blagoveshchensk_Amur_Oblast_Far_Eastern_District.html,Рестораны
https://www.tripadvisor.ru/Restaurant_Review-g298490-d8344704-Reviews-Beer_Party-Blagoveshchensk_Amur_Oblast_Far_Eastern_District.html,Рестораны
https://www.tripadvisor.ru/Restaurant_Review-g298490-d8349455-Reviews-Savok-Blagoveshchensk_Amur_Oblast_Far_Eastern_District.html,Рестораны
https://www.tripadvisor.ru/Restaurant_Review-g298490-d8351040-Reviews-V_Stelku-Blagoveshchensk_Amur_Oblast_Far_Eastern_District.html,Рестораны
https://www.tripadvisor.ru/Restaurant_Review-g298490-d8344626-Reviews-Baron-Blagoveshchensk_Amur_Oblast_Far_Eastern_District.html,Рестораны
https://www.tripadvisor.ru/Restaurant_Review-g298490-d8344625-Reviews-Baron-Blagoveshchensk_Amur_Oblast_Far_Eastern_District.html,Рестораны
https://www.tripadvisor.ru/Restaurant_Review-g298490-d23509699-Reviews-Karaoke_Soprano-Blagoveshchensk_Amur_Oblast_Far_Eastern_District.html,Рестораны
https://www.tripadvisor.ru/Restaurant_Review-g298490-d6744385-Reviews-Lavr-Blagoveshchensk_Amur_Oblast_Far_Eastern_District.html,Рестораны
https://www.tripadvisor.ru/Restaurant_Review-g298490-d8348785-Reviews-Pivnoff-Blagoveshchensk_Amur_Oblast_Far_Eastern_District.html,Рестораны
https://www.tripadvisor.ru/Restaurant_Review-g298490-d24089635-Reviews-Smoke_Grill-Blagoveshchensk_Amur_Oblast_Far_Eastern_District.html,Рестораны
https://www.tripadvisor.ru/Restaurant_Review-g298490-d8347644-Reviews-Litr-Blagoveshchensk_Amur_Oblast_Far_Eastern_District.html,Рестораны
https://www.tripadvisor.ru/Restaurant_Review-g298490-d8350831-Reviews-Tvtreid-Blagoveshchensk_Amur_Oblast_Far_Eastern_District.html,Рестораны
https://www.tripadvisor.ru/Restaurant_Review-g298490-d8350812-Reviews-Turochka-Blagoveshchensk_Amur_Oblast_Far_Eastern_District.html,Рестораны
https://www.tripadvisor.ru/Restaurant_Review-g298490-d8349205-Reviews-Relax-Blagoveshchensk_Amur_Oblast_Far_Eastern_District.html,Рестораны
https://www.tripadvisor.ru/Restaurant_Review-g298490-d8347531-Reviews-Lada-Blagoveshchensk_Amur_Oblast_Far_Eastern_District.html,Рестораны
